case,snapshot_type,snapshot_label,distance,mean_value,count
det_sparse,fixed_episode,0,0,0.0,100
det_sparse,fixed_episode,0,1,0.0,100
det_sparse,fixed_episode,0,2,0.0,100
det_sparse,fixed_episode,0,3,0.0,100
det_sparse,fixed_episode,0,4,0.0,100
det_sparse,fixed_episode,0,5,0.0,100
det_sparse,fixed_episode,0,6,0.0,100
det_sparse,fixed_episode,0,7,0.0,100
det_sparse,fixed_episode,0,8,0.0,100
det_sparse,fixed_episode,0,9,0.0,100
det_sparse,fixed_episode,0,10,0.0,100
det_sparse,fixed_episode,0,11,0.0,100
det_sparse,fixed_episode,0,12,0.0,100
det_sparse,fixed_episode,0,13,0.0,100
det_sparse,fixed_episode,0,14,0.0,100
det_sparse,fixed_episode,100,0,0.0,100
det_sparse,fixed_episode,100,1,0.044977550000000005,100
det_sparse,fixed_episode,100,2,0.005252225165550001,100
det_sparse,fixed_episode,100,3,0.0007439445036201486,100
det_sparse,fixed_episode,100,4,0.0003124803060457237,100
det_sparse,fixed_episode,100,5,0.0001146603082546348,100
det_sparse,fixed_episode,100,6,5.025969714479194e-05,100
det_sparse,fixed_episode,100,7,2.2336302526514085e-05,100
det_sparse,fixed_episode,100,8,9.105040068376402e-06,100
det_sparse,fixed_episode,100,9,4.690971610124581e-06,100
det_sparse,fixed_episode,100,10,2.319580047658815e-06,100
det_sparse,fixed_episode,100,11,1.8148710143232249e-06,100
det_sparse,fixed_episode,100,12,1.6374240664158473e-06,100
det_sparse,fixed_episode,100,13,1.8062465721878072e-06,100
det_sparse,fixed_episode,100,14,2.144196069658002e-06,100
det_sparse,fixed_episode,500,0,0.0,100
det_sparse,fixed_episode,500,1,0.2501162623001877,100
det_sparse,fixed_episode,500,2,0.13678949546235986,100
det_sparse,fixed_episode,500,3,0.06829846226592833,100
det_sparse,fixed_episode,500,4,0.09256184066449065,100
det_sparse,fixed_episode,500,5,0.07410463523426453,100
det_sparse,fixed_episode,500,6,0.06607105604711029,100
det_sparse,fixed_episode,500,7,0.07165267480914984,100
det_sparse,fixed_episode,500,8,0.06521450290041507,100
det_sparse,fixed_episode,500,9,0.06198869126583509,100
det_sparse,fixed_episode,500,10,0.06312534776930369,100
det_sparse,fixed_episode,500,11,0.06275138037222504,100
det_sparse,fixed_episode,500,12,0.06473259622977429,100
det_sparse,fixed_episode,500,13,0.06834633746800954,100
det_sparse,fixed_episode,500,14,0.07387307389858017,100
det_sparse,fixed_episode,1000,0,0.0,100
det_sparse,fixed_episode,1000,1,0.45403541331531205,100
det_sparse,fixed_episode,1000,2,0.37773693823242765,100
det_sparse,fixed_episode,1000,3,0.2586611981797837,100
det_sparse,fixed_episode,1000,4,0.4693086004767432,100
det_sparse,fixed_episode,1000,5,0.44268178042828704,100
det_sparse,fixed_episode,1000,6,0.4053847467330556,100
det_sparse,fixed_episode,1000,7,0.4475268795655637,100
det_sparse,fixed_episode,1000,8,0.43528817306437506,100
det_sparse,fixed_episode,1000,9,0.4222072181086745,100
det_sparse,fixed_episode,1000,10,0.46057593677753617,100
det_sparse,fixed_episode,1000,11,0.46778997404347095,100
det_sparse,fixed_episode,1000,12,0.48680505307871735,100
det_sparse,fixed_episode,1000,13,0.4976915427901272,100
det_sparse,fixed_episode,1000,14,0.5096985497704056,100
det_sparse,fixed_episode,3000,0,0.0,100
det_sparse,fixed_episode,3000,1,0.5987942104074881,100
det_sparse,fixed_episode,3000,2,0.5772982854851604,100
det_sparse,fixed_episode,3000,3,0.6046853460098689,100
det_sparse,fixed_episode,3000,4,0.9470877802727621,100
det_sparse,fixed_episode,3000,5,0.9378502870808298,100
det_sparse,fixed_episode,3000,6,0.8760388503205552,100
det_sparse,fixed_episode,3000,7,0.8066619967138104,100
det_sparse,fixed_episode,3000,8,0.779860727341428,100
det_sparse,fixed_episode,3000,9,0.7930317123606275,100
det_sparse,fixed_episode,3000,10,0.8662879587539902,100
det_sparse,fixed_episode,3000,11,0.8715359975893308,100
det_sparse,fixed_episode,3000,12,0.8679315794398461,100
det_sparse,fixed_episode,3000,13,0.8655635158188432,100
det_sparse,fixed_episode,3000,14,0.8644990565464531,100
det_sparse,fixed_episode,10000,0,0.0,100
det_sparse,fixed_episode,10000,1,0.770887923042789,100
det_sparse,fixed_episode,10000,2,0.9114152171161316,100
det_sparse,fixed_episode,10000,3,0.7817685400025335,100
det_sparse,fixed_episode,10000,4,0.9600006745863832,100
det_sparse,fixed_episode,10000,5,0.9519240601879152,100
det_sparse,fixed_episode,10000,6,0.9388055156756037,100
det_sparse,fixed_episode,10000,7,0.9067584591557297,100
det_sparse,fixed_episode,10000,8,0.8339851035729537,100
det_sparse,fixed_episode,10000,9,0.8324980222755243,100
det_sparse,fixed_episode,10000,10,0.8879143936963317,100
det_sparse,fixed_episode,10000,11,0.8834908033833916,100
det_sparse,fixed_episode,10000,12,0.8788128588437589,100
det_sparse,fixed_episode,10000,13,0.8769329252383108,100
det_sparse,fixed_episode,10000,14,0.8771952810531752,100
det_sparse,fixed_episode,30000,0,0.0,100
det_sparse,fixed_episode,30000,1,0.7785509513793183,100
det_sparse,fixed_episode,30000,2,0.9191810091881365,100
det_sparse,fixed_episode,30000,3,0.7912796529473584,100
det_sparse,fixed_episode,30000,4,0.9635700727055972,100
det_sparse,fixed_episode,30000,5,0.9555817988524387,100
det_sparse,fixed_episode,30000,6,0.9443898318944229,100
det_sparse,fixed_episode,30000,7,0.9119337648498709,100
det_sparse,fixed_episode,30000,8,0.8383061976690522,100
det_sparse,fixed_episode,30000,9,0.8365200921239808,100
det_sparse,fixed_episode,30000,10,0.8962117705265488,100
det_sparse,fixed_episode,30000,11,0.8914276036644835,100
det_sparse,fixed_episode,30000,12,0.884396177713554,100
det_sparse,fixed_episode,30000,13,0.8783386820641536,100
det_sparse,fixed_episode,30000,14,0.8775210229989614,100
det_sparse,event_based,first_success,0,0.0,100
det_sparse,event_based,first_success,1,0.05,100
det_sparse,event_based,first_success,2,0.0,100
det_sparse,event_based,first_success,3,0.0,100
det_sparse,event_based,first_success,4,0.0,100
det_sparse,event_based,first_success,5,0.0,100
det_sparse,event_based,first_success,6,0.0,100
det_sparse,event_based,first_success,7,0.0,100
det_sparse,event_based,first_success,8,0.0,100
det_sparse,event_based,first_success,9,0.0,100
det_sparse,event_based,first_success,10,0.0,100
det_sparse,event_based,first_success,11,0.0,100
det_sparse,event_based,first_success,12,0.0,100
det_sparse,event_based,first_success,13,0.0,100
det_sparse,event_based,first_success,14,0.0,100
det_sparse,event_based,first_success_plus_50,0,0.0,100
det_sparse,event_based,first_success_plus_50,1,0.0725645,100
det_sparse,event_based,first_success_plus_50,2,0.00845982571005,100
det_sparse,event_based,first_success_plus_50,3,0.000992935224822285,100
det_sparse,event_based,first_success_plus_50,4,0.00032442672534282796,100
det_sparse,event_based,first_success_plus_50,5,9.470278519003575e-05,100
det_sparse,event_based,first_success_plus_50,6,3.8847969392487997e-05,100
det_sparse,event_based,first_success_plus_50,7,1.601418352400074e-05,100
det_sparse,event_based,first_success_plus_50,8,6.265946987172501e-06,100
det_sparse,event_based,first_success_plus_50,9,2.7022057811602593e-06,100
det_sparse,event_based,first_success_plus_50,10,1.0225490243311061e-06,100
det_sparse,event_based,first_success_plus_50,11,6.497410760369392e-07,100
det_sparse,event_based,first_success_plus_50,12,4.85193774466165e-07,100
det_sparse,event_based,first_success_plus_50,13,5.408968799693697e-07,100
det_sparse,event_based,first_success_plus_50,14,7.532842843637862e-07,100
det_sparse,event_based,first_success_plus_100,0,0.0,100
det_sparse,event_based,first_success_plus_100,1,0.0973031000277108,100
det_sparse,event_based,first_success_plus_100,2,0.018782128091043408,100
det_sparse,event_based,first_success_plus_100,3,0.004136921195807653,100
det_sparse,event_based,first_success_plus_100,4,0.0023871429703138606,100
det_sparse,event_based,first_success_plus_100,5,0.0009143711146470762,100
det_sparse,event_based,first_success_plus_100,6,0.0005367958084126325,100
det_sparse,event_based,first_success_plus_100,7,0.0003281868526059966,100
det_sparse,event_based,first_success_plus_100,8,0.00017883924388099675,100
det_sparse,event_based,first_success_plus_100,9,0.00011900241231804033,100
det_sparse,event_based,first_success_plus_100,10,7.75615958384202e-05,100
det_sparse,event_based,first_success_plus_100,11,6.591223614401561e-05,100
det_sparse,event_based,first_success_plus_100,12,6.060353688792362e-05,100
det_sparse,event_based,first_success_plus_100,13,6.775362840888755e-05,100
det_sparse,event_based,first_success_plus_100,14,8.354638155206444e-05,100
det_dense,fixed_episode,0,0,0.0,100
det_dense,fixed_episode,0,1,0.0,100
det_dense,fixed_episode,0,2,0.0,100
det_dense,fixed_episode,0,3,0.0,100
det_dense,fixed_episode,0,4,0.0,100
det_dense,fixed_episode,0,5,0.0,100
det_dense,fixed_episode,0,6,0.0,100
det_dense,fixed_episode,0,7,0.0,100
det_dense,fixed_episode,0,8,0.0,100
det_dense,fixed_episode,0,9,0.0,100
det_dense,fixed_episode,0,10,0.0,100
det_dense,fixed_episode,0,11,0.0,100
det_dense,fixed_episode,0,12,0.0,100
det_dense,fixed_episode,0,13,0.0,100
det_dense,fixed_episode,0,14,0.0,100
det_dense,fixed_episode,100,0,0.0,100
det_dense,fixed_episode,100,1,0.04480661914606857,100
det_dense,fixed_episode,100,2,0.007877824437416537,100
det_dense,fixed_episode,100,3,0.004108482411405791,100
det_dense,fixed_episode,100,4,0.009054747243659476,100
det_dense,fixed_episode,100,5,0.012565475102366674,100
det_dense,fixed_episode,100,6,0.01832806817021849,100
det_dense,fixed_episode,100,7,0.027403438419346244,100
det_dense,fixed_episode,100,8,0.036344430505490674,100
det_dense,fixed_episode,100,9,0.04777853980234994,100
det_dense,fixed_episode,100,10,0.06783180868507403,100
det_dense,fixed_episode,100,11,0.08264382167153163,100
det_dense,fixed_episode,100,12,0.10219837625561326,100
det_dense,fixed_episode,100,13,0.12199637283119232,100
det_dense,fixed_episode,100,14,0.14335327243443083,100
det_dense,fixed_episode,500,0,0.0,100
det_dense,fixed_episode,500,1,0.23233037584011587,100
det_dense,fixed_episode,500,2,0.12462160969943663,100
det_dense,fixed_episode,500,3,0.06517617317243672,100
det_dense,fixed_episode,500,4,0.0999511687647459,100
det_dense,fixed_episode,500,5,0.095894762765214,100
det_dense,fixed_episode,500,6,0.10127154625420076,100
det_dense,fixed_episode,500,7,0.12109183528729743,100
det_dense,fixed_episode,500,8,0.1293335925208542,100
det_dense,fixed_episode,500,9,0.13914600942874789,100
det_dense,fixed_episode,500,10,0.16658132545321447,100
det_dense,fixed_episode,500,11,0.18477271104198578,100
det_dense,fixed_episode,500,12,0.20278502350718486,100
det_dense,fixed_episode,500,13,0.21936753035403847,100
det_dense,fixed_episode,500,14,0.23823980980843562,100
det_dense,fixed_episode,1000,0,0.0,100
det_dense,fixed_episode,1000,1,0.44193036422437526,100
det_dense,fixed_episode,1000,2,0.37301151700110713,100
det_dense,fixed_episode,1000,3,0.2560306437215385,100
det_dense,fixed_episode,1000,4,0.4735213484578014,100
det_dense,fixed_episode,1000,5,0.45897793310593094,100
det_dense,fixed_episode,1000,6,0.43394219830753816,100
det_dense,fixed_episode,1000,7,0.48541042681571894,100
det_dense,fixed_episode,1000,8,0.4868476527940094,100
det_dense,fixed_episode,1000,9,0.4907165232051777,100
det_dense,fixed_episode,1000,10,0.549753764109345,100
det_dense,fixed_episode,1000,11,0.571941429799056,100
det_dense,fixed_episode,1000,12,0.6051900921672801,100
det_dense,fixed_episode,1000,13,0.6309125580263232,100
det_dense,fixed_episode,1000,14,0.658134809879736,100
det_dense,fixed_episode,3000,0,0.0,100
det_dense,fixed_episode,3000,1,0.6078150374909778,100
det_dense,fixed_episode,3000,2,0.5830646698483006,100
det_dense,fixed_episode,3000,3,0.6194739545195125,100
det_dense,fixed_episode,3000,4,0.9995339158112265,100
det_dense,fixed_episode,3000,5,1.0049887968823326,100
det_dense,fixed_episode,3000,6,0.9539528640649844,100
det_dense,fixed_episode,3000,7,0.8900870092897565,100
det_dense,fixed_episode,3000,8,0.8765292953933754,100
det_dense,fixed_episode,3000,9,0.9108095243580843,100
det_dense,fixed_episode,3000,10,1.0069137181705872,100
det_dense,fixed_episode,3000,11,1.0273267134527149,100
det_dense,fixed_episode,3000,12,1.0385677823083805,100
det_dense,fixed_episode,3000,13,1.0498760890135974,100
det_dense,fixed_episode,3000,14,1.0626541822993836,100
det_dense,fixed_episode,10000,0,0.0,100
det_dense,fixed_episode,10000,1,0.7853796647508766,100
det_dense,fixed_episode,10000,2,0.9303891217209135,100
det_dense,fixed_episode,10000,3,0.8144575377693629,100
det_dense,fixed_episode,10000,4,1.016970283576032,100
det_dense,fixed_episode,10000,5,1.0229682529387418,100
det_dense,fixed_episode,10000,6,1.0234946348147302,100
det_dense,fixed_episode,10000,7,1.0024597012976402,100
det_dense,fixed_episode,10000,8,0.9331769952552836,100
det_dense,fixed_episode,10000,9,0.9566161396643591,100
det_dense,fixed_episode,10000,10,1.0301667363421028,100
det_dense,fixed_episode,10000,11,1.0387613469557493,100
det_dense,fixed_episode,10000,12,1.0491367952910045,100
det_dense,fixed_episode,10000,13,1.0618415017539804,100
det_dense,fixed_episode,10000,14,1.0773911095415591,100
det_dense,fixed_episode,30000,0,0.0,100
det_dense,fixed_episode,30000,1,0.7890626942462867,100
det_dense,fixed_episode,30000,2,0.9407798458179082,100
det_dense,fixed_episode,30000,3,0.8229427838168705,100
det_dense,fixed_episode,30000,4,1.0204630410032711,100
det_dense,fixed_episode,30000,5,1.0267538363279418,100
det_dense,fixed_episode,30000,6,1.028884920521584,100
det_dense,fixed_episode,30000,7,1.0079229623319752,100
det_dense,fixed_episode,30000,8,0.9383432352045897,100
det_dense,fixed_episode,30000,9,0.9604477700952708,100
det_dense,fixed_episode,30000,10,1.0376291783087177,100
det_dense,fixed_episode,30000,11,1.0466280093722624,100
det_dense,fixed_episode,30000,12,1.0549001327871117,100
det_dense,fixed_episode,30000,13,1.0635759744161821,100
det_dense,fixed_episode,30000,14,1.0775210229989547,100
det_dense,event_based,first_success,0,0.0,100
det_dense,event_based,first_success,1,0.05071457135714286,100
det_dense,event_based,first_success,2,0.001826869332491363,100
det_dense,event_based,first_success,3,0.0028256408120132647,100
det_dense,event_based,first_success,4,0.007754923083433573,100
det_dense,event_based,first_success,5,0.011369464230258973,100
det_dense,event_based,first_success,6,0.016573889540563564,100
det_dense,event_based,first_success,7,0.025753019186037913,100
det_dense,event_based,first_success,8,0.03379323000836624,100
det_dense,event_based,first_success,9,0.0428217088403426,100
det_dense,event_based,first_success,10,0.058987707390786175,100
det_dense,event_based,first_success,11,0.07164592330461632,100
det_dense,event_based,first_success,12,0.08797041013922857,100
det_dense,event_based,first_success,13,0.10470790425967381,100
det_dense,event_based,first_success,14,0.12663854180820433,100
det_dense,event_based,first_success_plus_50,0,0.0,100
det_dense,event_based,first_success_plus_50,1,0.07118785707142856,100
det_dense,event_based,first_success_plus_50,2,0.01049507144514456,100
det_dense,event_based,first_success_plus_50,3,0.005294642222763345,100
det_dense,event_based,first_success_plus_50,4,0.011970403647030512,100
det_dense,event_based,first_success_plus_50,5,0.016970452537731304,100
det_dense,event_based,first_success_plus_50,6,0.023946546156878152,100
det_dense,event_based,first_success_plus_50,7,0.03743656554891873,100
det_dense,event_based,first_success_plus_50,8,0.04849944208699682,100
det_dense,event_based,first_success_plus_50,9,0.060247882507973784,100
det_dense,event_based,first_success_plus_50,10,0.08191605901483426,100
det_dense,event_based,first_success_plus_50,11,0.0966030622812542,100
det_dense,event_based,first_success_plus_50,12,0.11654430888825706,100
det_dense,event_based,first_success_plus_50,13,0.13568370783332734,100
det_dense,event_based,first_success_plus_50,14,0.15568421112054937,100
det_dense,event_based,first_success_plus_100,0,0.0,100
det_dense,event_based,first_success_plus_100,1,0.10073928557142858,100
det_dense,event_based,first_success_plus_100,2,0.02128915895880712,100
det_dense,event_based,first_success_plus_100,3,0.008810848624055314,100
det_dense,event_based,first_success_plus_100,4,0.016363896849888305,100
det_dense,event_based,first_success_plus_100,5,0.022097387610070567,100
det_dense,event_based,first_success_plus_100,6,0.03002595491006163,100
det_dense,event_based,first_success_plus_100,7,0.04731587474624775,100
det_dense,event_based,first_success_plus_100,8,0.06115627331942104,100
det_dense,event_based,first_success_plus_100,9,0.073965875434443,100
det_dense,event_based,first_success_plus_100,10,0.09872452007013406,100
det_dense,event_based,first_success_plus_100,11,0.11448271524841813,100
det_dense,event_based,first_success_plus_100,12,0.13604687622074482,100
det_dense,event_based,first_success_plus_100,13,0.15414744895736135,100
det_dense,event_based,first_success_plus_100,14,0.17213524444130318,100
stoch_sparse,fixed_episode,0,0,0.0,100
stoch_sparse,fixed_episode,0,1,0.0,100
stoch_sparse,fixed_episode,0,2,0.0,100
stoch_sparse,fixed_episode,0,3,0.0,100
stoch_sparse,fixed_episode,0,4,0.0,100
stoch_sparse,fixed_episode,0,5,0.0,100
stoch_sparse,fixed_episode,0,6,0.0,100
stoch_sparse,fixed_episode,0,7,0.0,100
stoch_sparse,fixed_episode,0,8,0.0,100
stoch_sparse,fixed_episode,0,9,0.0,100
stoch_sparse,fixed_episode,0,10,0.0,100
stoch_sparse,fixed_episode,0,11,0.0,100
stoch_sparse,fixed_episode,0,12,0.0,100
stoch_sparse,fixed_episode,0,13,0.0,100
stoch_sparse,fixed_episode,0,14,0.0,100
stoch_sparse,fixed_episode,100,0,0.0,100
stoch_sparse,fixed_episode,100,1,0.03840693483638866,100
stoch_sparse,fixed_episode,100,2,0.003920608659622445,100
stoch_sparse,fixed_episode,100,3,0.0004187787213655052,100
stoch_sparse,fixed_episode,100,4,0.00010719703259786595,100
stoch_sparse,fixed_episode,100,5,2.3194340378207115e-05,100
stoch_sparse,fixed_episode,100,6,6.4386021909746336e-06,100
stoch_sparse,fixed_episode,100,7,1.965182844942175e-06,100
stoch_sparse,fixed_episode,100,8,6.421183278445457e-07,100
stoch_sparse,fixed_episode,100,9,2.3108383765578373e-07,100
stoch_sparse,fixed_episode,100,10,5.1646361070012836e-08,100
stoch_sparse,fixed_episode,100,11,2.16195695292521e-08,100
stoch_sparse,fixed_episode,100,12,1.3201185923759024e-08,100
stoch_sparse,fixed_episode,100,13,1.1919619427986465e-08,100
stoch_sparse,fixed_episode,100,14,1.4926526571874777e-08,100
stoch_sparse,fixed_episode,500,0,0.0,100
stoch_sparse,fixed_episode,500,1,0.12151928710596585,100
stoch_sparse,fixed_episode,500,2,0.030830585512640937,100
stoch_sparse,fixed_episode,500,3,0.008221026928741194,100
stoch_sparse,fixed_episode,500,4,0.006474624641975552,100
stoch_sparse,fixed_episode,500,5,0.0034866794235062226,100
stoch_sparse,fixed_episode,500,6,0.002341584569512031,100
stoch_sparse,fixed_episode,500,7,0.001905811669278811,100
stoch_sparse,fixed_episode,500,8,0.0014284663490212077,100
stoch_sparse,fixed_episode,500,9,0.0011786602125282383,100
stoch_sparse,fixed_episode,500,10,0.0009553069845694567,100
stoch_sparse,fixed_episode,500,11,0.0008596737882652978,100
stoch_sparse,fixed_episode,500,12,0.0008469439902728498,100
stoch_sparse,fixed_episode,500,13,0.0009095256392363918,100
stoch_sparse,fixed_episode,500,14,0.0010474065016303471,100
stoch_sparse,fixed_episode,1000,0,0.0,100
stoch_sparse,fixed_episode,1000,1,0.20012740868351178,100
stoch_sparse,fixed_episode,1000,2,0.07978566086596052,100
stoch_sparse,fixed_episode,1000,3,0.02992809978263949,100
stoch_sparse,fixed_episode,1000,4,0.03221328015757729,100
stoch_sparse,fixed_episode,1000,5,0.02270615569072654,100
stoch_sparse,fixed_episode,1000,6,0.01831679576715561,100
stoch_sparse,fixed_episode,1000,7,0.01828798548984202,100
stoch_sparse,fixed_episode,1000,8,0.016027474623602215,100
stoch_sparse,fixed_episode,1000,9,0.014351368672459966,100
stoch_sparse,fixed_episode,1000,10,0.013691484504982183,100
stoch_sparse,fixed_episode,1000,11,0.013012497508625242,100
stoch_sparse,fixed_episode,1000,12,0.013399793455501866,100
stoch_sparse,fixed_episode,1000,13,0.013933377683411472,100
stoch_sparse,fixed_episode,1000,14,0.014997068184929258,100
stoch_sparse,fixed_episode,3000,0,0.0,100
stoch_sparse,fixed_episode,3000,1,0.40012611481006083,100
stoch_sparse,fixed_episode,3000,2,0.27299920512529524,100
stoch_sparse,fixed_episode,3000,3,0.16935480934719327,100
stoch_sparse,fixed_episode,3000,4,0.27443266266112476,100
stoch_sparse,fixed_episode,3000,5,0.2546171775052349,100
stoch_sparse,fixed_episode,3000,6,0.22624337583789988,100
stoch_sparse,fixed_episode,3000,7,0.2291344594083246,100
stoch_sparse,fixed_episode,3000,8,0.21815439060701286,100
stoch_sparse,fixed_episode,3000,9,0.20767387077733623,100
stoch_sparse,fixed_episode,3000,10,0.21381104863482855,100
stoch_sparse,fixed_episode,3000,11,0.2110766213986535,100
stoch_sparse,fixed_episode,3000,12,0.21627395692197426,100
stoch_sparse,fixed_episode,3000,13,0.21843005704730042,100
stoch_sparse,fixed_episode,3000,14,0.22249669324828353,100
stoch_sparse,fixed_episode,10000,0,0.0,100
stoch_sparse,fixed_episode,10000,1,0.5997580295813373,100
stoch_sparse,fixed_episode,10000,2,0.4694887152620194,100
stoch_sparse,fixed_episode,10000,3,0.3784721773628723,100
stoch_sparse,fixed_episode,10000,4,0.494124477066773,100
stoch_sparse,fixed_episode,10000,5,0.4643258812410817,100
stoch_sparse,fixed_episode,10000,6,0.43820408424686663,100
stoch_sparse,fixed_episode,10000,7,0.4125162110013589,100
stoch_sparse,fixed_episode,10000,8,0.3855389141488565,100
stoch_sparse,fixed_episode,10000,9,0.3832045845304252,100
stoch_sparse,fixed_episode,10000,10,0.3712397585402032,100
stoch_sparse,fixed_episode,10000,11,0.3606121560310163,100
stoch_sparse,fixed_episode,10000,12,0.35562847186159197,100
stoch_sparse,fixed_episode,10000,13,0.35484547942062195,100
stoch_sparse,fixed_episode,10000,14,0.35588034902924165,100
stoch_sparse,fixed_episode,30000,0,0.0,100
stoch_sparse,fixed_episode,30000,1,0.7797166393190534,100
stoch_sparse,fixed_episode,30000,2,0.613516378168678,100
stoch_sparse,fixed_episode,30000,3,0.43159966888824436,100
stoch_sparse,fixed_episode,30000,4,0.4529366760955469,100
stoch_sparse,fixed_episode,30000,5,0.4131351680221729,100
stoch_sparse,fixed_episode,30000,6,0.37696794972249964,100
stoch_sparse,fixed_episode,30000,7,0.3630705930900983,100
stoch_sparse,fixed_episode,30000,8,0.33973217828331703,100
stoch_sparse,fixed_episode,30000,9,0.32065276406104853,100
stoch_sparse,fixed_episode,30000,10,0.2932383498407957,100
stoch_sparse,fixed_episode,30000,11,0.2797439818664566,100
stoch_sparse,fixed_episode,30000,12,0.2733513773719749,100
stoch_sparse,fixed_episode,30000,13,0.2736247469882878,100
stoch_sparse,fixed_episode,30000,14,0.27886352064995984,100
stoch_sparse,event_based,first_success,0,0.0,100
stoch_sparse,event_based,first_success,1,0.049999999999999996,100
stoch_sparse,event_based,first_success,2,0.0,100
stoch_sparse,event_based,first_success,3,0.0,100
stoch_sparse,event_based,first_success,4,0.0,100
stoch_sparse,event_based,first_success,5,0.0,100
stoch_sparse,event_based,first_success,6,0.0,100
stoch_sparse,event_based,first_success,7,0.0,100
stoch_sparse,event_based,first_success,8,0.0,100
stoch_sparse,event_based,first_success,9,0.0,100
stoch_sparse,event_based,first_success,10,0.0,100
stoch_sparse,event_based,first_success,11,0.0,100
stoch_sparse,event_based,first_success,12,0.0,100
stoch_sparse,event_based,first_success,13,0.0,100
stoch_sparse,event_based,first_success,14,0.0,100
stoch_sparse,event_based,first_success_plus_50,0,0.0,100
stoch_sparse,event_based,first_success_plus_50,1,0.05727380545551054,100
stoch_sparse,event_based,first_success_plus_50,2,0.004797332389920612,100
stoch_sparse,event_based,first_success_plus_50,3,0.00043122275330770423,100
stoch_sparse,event_based,first_success_plus_50,4,9.009202293633175e-05,100
stoch_sparse,event_based,first_success_plus_50,5,1.3902279723687027e-05,100
stoch_sparse,event_based,first_success_plus_50,6,2.7421697156946247e-06,100
stoch_sparse,event_based,first_success_plus_50,7,6.406013798899167e-07,100
stoch_sparse,event_based,first_success_plus_50,8,1.883564343017161e-07,100
stoch_sparse,event_based,first_success_plus_50,9,6.032415398876017e-08,100
stoch_sparse,event_based,first_success_plus_50,10,1.3127858126638162e-08,100
stoch_sparse,event_based,first_success_plus_50,11,4.839150036916503e-09,100
stoch_sparse,event_based,first_success_plus_50,12,2.3503620884407386e-09,100
stoch_sparse,event_based,first_success_plus_50,13,1.895356329205141e-09,100
stoch_sparse,event_based,first_success_plus_50,14,2.2792704620885666e-09,100
stoch_sparse,event_based,first_success_plus_100,0,0.0,100
stoch_sparse,event_based,first_success_plus_100,1,0.06686834521124052,100
stoch_sparse,event_based,first_success_plus_100,2,0.007942044241198917,100
stoch_sparse,event_based,first_success_plus_100,3,0.0010617658578905462,100
stoch_sparse,event_based,first_success_plus_100,4,0.00037289734234360617,100
stoch_sparse,event_based,first_success_plus_100,5,9.147806720555654e-05,100
stoch_sparse,event_based,first_success_plus_100,6,3.168008597974575e-05,100
stoch_sparse,event_based,first_success_plus_100,7,1.2672364642612695e-05,100
stoch_sparse,event_based,first_success_plus_100,8,5.030466095956072e-06,100
stoch_sparse,event_based,first_success_plus_100,9,2.3882975709385374e-06,100
stoch_sparse,event_based,first_success_plus_100,10,8.525175554273027e-07,100
stoch_sparse,event_based,first_success_plus_100,11,5.002256608440166e-07,100
stoch_sparse,event_based,first_success_plus_100,12,3.8605282201170447e-07,100
stoch_sparse,event_based,first_success_plus_100,13,4.081131114965894e-07,100
stoch_sparse,event_based,first_success_plus_100,14,5.500711813220497e-07,100
stoch_dense,fixed_episode,0,0,0.0,100
stoch_dense,fixed_episode,0,1,0.0,100
stoch_dense,fixed_episode,0,2,0.0,100
stoch_dense,fixed_episode,0,3,0.0,100
stoch_dense,fixed_episode,0,4,0.0,100
stoch_dense,fixed_episode,0,5,0.0,100
stoch_dense,fixed_episode,0,6,0.0,100
stoch_dense,fixed_episode,0,7,0.0,100
stoch_dense,fixed_episode,0,8,0.0,100
stoch_dense,fixed_episode,0,9,0.0,100
stoch_dense,fixed_episode,0,10,0.0,100
stoch_dense,fixed_episode,0,11,0.0,100
stoch_dense,fixed_episode,0,12,0.0,100
stoch_dense,fixed_episode,0,13,0.0,100
stoch_dense,fixed_episode,0,14,0.0,100
stoch_dense,fixed_episode,100,0,0.0,100
stoch_dense,fixed_episode,100,1,0.037351566198163245,100
stoch_dense,fixed_episode,100,2,0.0036856382908427737,100
stoch_dense,fixed_episode,100,3,0.0011595163576368064,100
stoch_dense,fixed_episode,100,4,0.0018253996146785905,100
stoch_dense,fixed_episode,100,5,0.004700155743633789,100
stoch_dense,fixed_episode,100,6,0.007792578394024069,100
stoch_dense,fixed_episode,100,7,0.011439089176498555,100
stoch_dense,fixed_episode,100,8,0.01782628783822312,100
stoch_dense,fixed_episode,100,9,0.026297975714770515,100
stoch_dense,fixed_episode,100,10,0.040484017042544215,100
stoch_dense,fixed_episode,100,11,0.053013070420868245,100
stoch_dense,fixed_episode,100,12,0.06861189623741357,100
stoch_dense,fixed_episode,100,13,0.08795202886714805,100
stoch_dense,fixed_episode,100,14,0.11334317595268613,100
stoch_dense,fixed_episode,500,0,0.0,100
stoch_dense,fixed_episode,500,1,0.12020421262696661,100
stoch_dense,fixed_episode,500,2,0.0343269949230108,100
stoch_dense,fixed_episode,500,3,0.011609519128291316,100
stoch_dense,fixed_episode,500,4,0.019376382985759107,100
stoch_dense,fixed_episode,500,5,0.026993097285284134,100
stoch_dense,fixed_episode,500,6,0.03774730762876717,100
stoch_dense,fixed_episode,500,7,0.05885568601254927,100
stoch_dense,fixed_episode,500,8,0.07585589169545817,100
stoch_dense,fixed_episode,500,9,0.08828537052615756,100
stoch_dense,fixed_episode,500,10,0.11503835116325982,100
stoch_dense,fixed_episode,500,11,0.13172763495411943,100
stoch_dense,fixed_episode,500,12,0.15375860118777446,100
stoch_dense,fixed_episode,500,13,0.17045013505709383,100
stoch_dense,fixed_episode,500,14,0.1867475431243316,100
stoch_dense,fixed_episode,1000,0,0.0,100
stoch_dense,fixed_episode,1000,1,0.1879311702466438,100
stoch_dense,fixed_episode,1000,2,0.07398023825302033,100
stoch_dense,fixed_episode,1000,3,0.03384792433981031,100
stoch_dense,fixed_episode,1000,4,0.05339514728522829,100
stoch_dense,fixed_episode,1000,5,0.059055782032299324,100
stoch_dense,fixed_episode,1000,6,0.06691578670196974,100
stoch_dense,fixed_episode,1000,7,0.08253405711007666,100
stoch_dense,fixed_episode,1000,8,0.09606859885339573,100
stoch_dense,fixed_episode,1000,9,0.10814360949613407,100
stoch_dense,fixed_episode,1000,10,0.13412603378392435,100
stoch_dense,fixed_episode,1000,11,0.15182164345179597,100
stoch_dense,fixed_episode,1000,12,0.16965907536832833,100
stoch_dense,fixed_episode,1000,13,0.1845004304690174,100
stoch_dense,fixed_episode,1000,14,0.199133420025742,100
stoch_dense,fixed_episode,3000,0,0.0,100
stoch_dense,fixed_episode,3000,1,0.401564348714148,100
stoch_dense,fixed_episode,3000,2,0.27918379406139376,100
stoch_dense,fixed_episode,3000,3,0.18180044973981901,100
stoch_dense,fixed_episode,3000,4,0.3052171467351943,100
stoch_dense,fixed_episode,3000,5,0.29802303452377554,100
stoch_dense,fixed_episode,3000,6,0.2798507168762713,100
stoch_dense,fixed_episode,3000,7,0.2929661283508182,100
stoch_dense,fixed_episode,3000,8,0.2981616634790748,100
stoch_dense,fixed_episode,3000,9,0.3059390415443768,100
stoch_dense,fixed_episode,3000,10,0.3326390488336288,100
stoch_dense,fixed_episode,3000,11,0.3453650701713607,100
stoch_dense,fixed_episode,3000,12,0.3650484040297767,100
stoch_dense,fixed_episode,3000,13,0.3815460413833251,100
stoch_dense,fixed_episode,3000,14,0.40017655511346284,100
stoch_dense,fixed_episode,10000,0,0.0,100
stoch_dense,fixed_episode,10000,1,0.5939990459431581,100
stoch_dense,fixed_episode,10000,2,0.4866173767245742,100
stoch_dense,fixed_episode,10000,3,0.40702251623997604,100
stoch_dense,fixed_episode,10000,4,0.5455365083896849,100
stoch_dense,fixed_episode,10000,5,0.5284652986320422,100
stoch_dense,fixed_episode,10000,6,0.5137787456182268,100
stoch_dense,fixed_episode,10000,7,0.4973694186594872,100
stoch_dense,fixed_episode,10000,8,0.48514077991582427,100
stoch_dense,fixed_episode,10000,9,0.5033833643250634,100
stoch_dense,fixed_episode,10000,10,0.5035526613118532,100
stoch_dense,fixed_episode,10000,11,0.506710494398173,100
stoch_dense,fixed_episode,10000,12,0.5157694258382395,100
stoch_dense,fixed_episode,10000,13,0.5292640268106564,100
stoch_dense,fixed_episode,10000,14,0.5448182825446685,100
stoch_dense,fixed_episode,30000,0,0.0,100
stoch_dense,fixed_episode,30000,1,0.7884397484423267,100
stoch_dense,fixed_episode,30000,2,0.6307548635582287,100
stoch_dense,fixed_episode,30000,3,0.4514182250521679,100
stoch_dense,fixed_episode,30000,4,0.4877049232856499,100
stoch_dense,fixed_episode,30000,5,0.45769806227574694,100
stoch_dense,fixed_episode,30000,6,0.43249482759376723,100
stoch_dense,fixed_episode,30000,7,0.4319661813533947,100
stoch_dense,fixed_episode,30000,8,0.41862015882309295,100
stoch_dense,fixed_episode,30000,9,0.41207440523441663,100
stoch_dense,fixed_episode,30000,10,0.39753635104203844,100
stoch_dense,fixed_episode,30000,11,0.3974964389061391,100
stoch_dense,fixed_episode,30000,12,0.4051935491965596,100
stoch_dense,fixed_episode,30000,13,0.4195228766342081,100
stoch_dense,fixed_episode,30000,14,0.43883954554094146,100
stoch_dense,event_based,first_success,0,0.0,100
stoch_dense,event_based,first_success,1,0.04992442639208214,100
stoch_dense,event_based,first_success,2,0.000663425146233388,100
stoch_dense,event_based,first_success,3,0.0009404945056296555,100
stoch_dense,event_based,first_success,4,0.0023061098644682485,100
stoch_dense,event_based,first_success,5,0.005047084313156824,100
stoch_dense,event_based,first_success,6,0.008047699584374424,100
stoch_dense,event_based,first_success,7,0.01255057587931992,100
stoch_dense,event_based,first_success,8,0.01863475041631034,100
stoch_dense,event_based,first_success,9,0.025636281369927804,100
stoch_dense,event_based,first_success,10,0.037437821195048314,100
stoch_dense,event_based,first_success,11,0.04870105544086353,100
stoch_dense,event_based,first_success,12,0.0626889969338615,100
stoch_dense,event_based,first_success,13,0.0793468584361425,100
stoch_dense,event_based,first_success,14,0.10364965199831555,100
stoch_dense,event_based,first_success_plus_50,0,0.0,100
stoch_dense,event_based,first_success_plus_50,1,0.059160040997625146,100
stoch_dense,event_based,first_success_plus_50,2,0.004933057101773007,100
stoch_dense,event_based,first_success_plus_50,3,0.0015751865409807215,100
stoch_dense,event_based,first_success_plus_50,4,0.0031449788564368226,100
stoch_dense,event_based,first_success_plus_50,5,0.007125940536177672,100
stoch_dense,event_based,first_success_plus_50,6,0.011299092900809687,100
stoch_dense,event_based,first_success_plus_50,7,0.018526440678713844,100
stoch_dense,event_based,first_success_plus_50,8,0.02743834327604582,100
stoch_dense,event_based,first_success_plus_50,9,0.03684338396074825,100
stoch_dense,event_based,first_success_plus_50,10,0.05409961439103642,100
stoch_dense,event_based,first_success_plus_50,11,0.06744136959936757,100
stoch_dense,event_based,first_success_plus_50,12,0.08436394571915509,100
stoch_dense,event_based,first_success_plus_50,13,0.10379248876996017,100
stoch_dense,event_based,first_success_plus_50,14,0.1273679484015516,100
stoch_dense,event_based,first_success_plus_100,0,0.0,100
stoch_dense,event_based,first_success_plus_100,1,0.07119213505461913,100
stoch_dense,event_based,first_success_plus_100,2,0.009262820995348212,100
stoch_dense,event_based,first_success_plus_100,3,0.0024245595438383135,100
stoch_dense,event_based,first_success_plus_100,4,0.0044424627237657196,100
stoch_dense,event_based,first_success_plus_100,5,0.009248781689657459,100
stoch_dense,event_based,first_success_plus_100,6,0.014449927971496267,100
stoch_dense,event_based,first_success_plus_100,7,0.024597592177009252,100
stoch_dense,event_based,first_success_plus_100,8,0.036161750812256685,100
stoch_dense,event_based,first_success_plus_100,9,0.04729510384165025,100
stoch_dense,event_based,first_success_plus_100,10,0.06835006194842937,100
stoch_dense,event_based,first_success_plus_100,11,0.0825046155393006,100
stoch_dense,event_based,first_success_plus_100,12,0.10127352618724865,100
stoch_dense,event_based,first_success_plus_100,13,0.12083230127932963,100
stoch_dense,event_based,first_success_plus_100,14,0.14304177390690054,100
